id,nombre,provincia,poblacion,presupuesto,densidad_urbana,pib_per_capita,tasa_pobreza,tasa_analfabetismo,cobertura_agua,idh,densidad_poblacional,area_km2,municipio_id,num_contratos,monto_total,avg_monto_contrato,pct_licitacion_publica,pct_contratacion_directa,hhi_proveedores,num_proveedores_unicos,num_contratos_por_habitante,total_autoridades,autoridades_con_declaracion,pct_declaraciones,avg_dias_publicacion,num_auditorias,num_informes,pct_informes,total_recomendaciones,recomendaciones_cumplidas,pct_recomendaciones_cumplidas,num_sanciones,tiene_portal_transparencia,portal_score,formatos_abiertos,api_disponible,datos_actualizados,year
010001,Quito,Pichincha,2000000,1200000000,70.6,3225.0,26.0,5.0,84.5,0.753,451.5,4429.9,010001,143,10643874.01,74432.69,15.4,23.8,712.5,16,0.0715,8,6,75.0,115.3,4,3,75.0,27,21,77.8,0,True,66.1,52.9,True,True,2025
090001,Guayaquil,Guayas,2700000,900000000,48.5,6797.0,16.2,5.0,75.2,0.558,139.5,19358.0,090001,84,5887435.96,70088.52,17.9,21.4,719.95,16,0.0311,12,9,75.0,119.3,3,1,33.3,18,8,44.4,0,True,86.8,69.5,True,True,2025
030001,Cuenca,Azuay,640000,400000000,71.0,7904.0,23.8,8.3,87.4,0.552,412.6,1551.1,030001,140,8344069.61,59600.5,13.6,23.6,672.45,16,0.2188,7,5,71.4,81.6,2,1,50.0,17,13,76.5,1,True,70.5,56.4,True,True,2025
120001,Santo Domingo,Santo Domingo,460000,200000000,72.9,6062.0,21.2,11.6,68.5,0.578,93.5,4918.6,120001,89,7670101.22,86180.91,24.7,23.6,700.67,16,0.1935,12,8,66.7,67.6,4,3,75.0,32,19,59.4,1,True,70.5,56.4,True,True,2025
060001,Portoviejo,Manabí,320000,150000000,78.9,8434.0,47.3,9.6,76.4,0.842,220.3,1452.3,060001,33,2235011.33,67727.62,12.1,24.2,1000.92,14,0.1031,11,9,81.8,61.9,2,2,100.0,25,18,72.0,0,True,61.1,48.9,True,True,2025
120001,Machala,El Oro,280000,130000000,67.1,10465.0,39.7,10.8,78.1,0.761,70.6,3964.8,120001,89,7670101.22,86180.91,24.7,23.6,700.67,16,0.3179,12,8,66.7,67.6,4,3,75.0,32,19,59.4,1,True,59.4,47.5,False,True,2025
170001,Manta,Manabí,240000,120000000,54.1,5604.0,18.2,5.1,59.0,0.633,336.1,714.2,170001,100,6391574.27,63915.74,15.0,25.0,730.0,16,0.4167,11,9,81.8,87.9,3,3,100.0,36,22,61.1,1,True,58.5,46.8,False,True,2025
230001,Ambato,Tungurahua,180000,110000000,59.6,6332.0,23.4,5.4,92.5,0.744,324.1,555.4,230001,42,2527745.1,60184.41,21.4,14.3,861.68,15,0.2333,10,6,60.0,118.5,1,1,100.0,9,4,44.4,0,True,41.3,33.1,False,True,2025
110001,Riobamba,Chimborazo,170000,95000000,51.8,9562.0,21.5,6.4,94.6,0.742,300.6,565.5,110001,147,11057643.46,75222.06,17.0,19.0,657.6,16,0.8647,12,12,100.0,86.2,2,1,50.0,22,11,50.0,0,True,43.9,35.1,False,True,2025
040001,Loja,Loja,200000,90000000,72.4,10586.0,46.0,5.1,56.3,0.645,170.5,1173.1,040001,55,3175298.49,57732.7,14.5,27.3,776.86,16,0.275,13,10,76.9,100.0,3,3,100.0,26,11,42.3,2,False,27.8,22.2,False,False,2025
050001,Babahoyo,Los Ríos,105000,55000000,53.4,11486.0,50.1,5.8,81.2,0.669,461.5,227.5,050001,84,6906818.58,82224.03,23.8,29.8,742.63,16,0.8,7,6,85.7,94.8,1,1,100.0,0,0,0,0,True,44.7,35.7,False,True,2025
130001,Esmeraldas,Esmeraldas,155000,70000000,63.4,5384.0,24.9,8.1,65.5,0.725,454.0,341.4,130001,102,5803225.33,56894.37,11.8,26.5,770.86,16,0.6581,10,10,100.0,71.5,1,1,100.0,8,0,0.0,1,True,33.8,27.0,False,False,2025
100001,Ibarra,Imbabura,150000,65000000,61.0,4974.0,54.9,7.6,58.6,0.564,99.3,1509.9,100001,80,3556771.53,44459.64,8.8,32.5,743.75,16,0.5333,14,9,64.3,78.6,2,2,100.0,20,4,20.0,1,True,46.4,37.2,False,True,2025
180001,Latacunga,Cotopaxi,145000,60000000,70.1,10129.0,31.9,3.6,70.3,0.849,288.1,503.3,180001,122,7292118.07,59771.46,13.9,28.7,678.58,16,0.8414,13,9,69.2,83.2,4,4,100.0,47,33,70.2,0,True,41.3,33.0,False,True,2025
160001,Quevedo,Los Ríos,165000,70000000,83.8,10747.0,15.5,9.5,82.3,0.711,170.1,970.2,160001,110,7237943.97,65799.49,16.4,29.1,723.97,16,0.6667,14,10,71.4,100.4,1,0,0.0,0,0,0,0,True,37.1,29.7,False,False,2025
020001,Tulcán,Carchi,60000,35000000,70.6,4004.0,32.4,7.1,93.2,0.813,168.5,356.0,020001,75,4149649.23,55328.66,12.0,13.3,812.44,16,1.25,8,5,62.5,106.6,3,2,66.7,31,13,41.9,0,True,40.5,32.4,False,True,2025
140001,Nueva Loja,Sucumbíos,45000,30000000,65.0,4608.0,51.5,10.8,66.9,0.742,324.0,138.9,140001,38,1848216.88,48637.29,7.9,31.6,1038.78,13,0.8444,14,9,64.3,88.7,2,2,100.0,15,13,86.7,0,False,23.3,18.7,False,False,2025
150001,Santa Elena,Santa Elena,145000,55000000,51.1,9863.0,36.6,10.0,76.2,0.55,195.9,740.3,150001,65,3339722.8,51380.35,12.3,32.3,840.24,15,0.4483,10,8,80.0,99.0,1,1,100.0,1,0,0.0,0,True,35.8,28.6,False,False,2025
190001,Puyo,Pastaza,40000,30000000,45.8,11362.0,50.1,10.5,67.3,0.567,445.1,89.9,190001,120,6189255.37,51577.13,10.0,26.7,683.33,16,3.0,10,7,70.0,75.6,2,2,100.0,19,17,89.5,1,True,33.5,26.8,False,False,2025
200001,Tena,Napo,40000,28000000,82.9,3771.0,34.4,3.6,85.4,0.78,107.8,371.1,200001,134,8085852.77,60342.18,12.7,25.4,737.36,16,3.35,8,6,75.0,84.5,1,1,100.0,10,9,90.0,0,True,40.6,32.5,False,True,2025
210001,Zamora,Zamora Chinchipe,30000,22000000,64.0,7948.0,25.6,10.9,71.9,0.614,292.7,102.5,210001,58,3383715.24,58339.92,8.6,24.1,743.16,15,1.9333,7,5,71.4,84.4,3,3,100.0,21,11,52.4,1,False,22.5,18.0,False,False,2025
220001,Macas,Morona Santiago,25000,20000000,74.2,4810.0,27.5,12.0,81.0,0.681,282.9,88.4,220001,120,10768035.01,89733.63,19.2,24.2,690.28,16,4.8,14,12,85.7,75.7,3,2,66.7,26,15,57.7,0,True,46.3,37.0,False,True,2025
240001,Francisco de Orellana,Orellana,45000,30000000,49.8,5022.0,28.5,8.3,64.2,0.616,81.9,549.1,240001,118,8675426.49,73520.56,17.8,17.8,675.09,16,2.6222,14,11,78.6,77.0,4,3,75.0,34,13,38.2,3,True,38.5,30.8,False,False,2025
250001,Aguarico,Orellana,10000,8000000,70.2,5060.0,51.2,10.7,57.8,0.621,351.0,28.5,250001,130,7137893.29,54906.87,13.1,21.5,695.86,16,13.0,13,8,61.5,91.2,4,3,75.0,37,28,75.7,0,False,23.2,18.6,False,False,2025
010170,Cayambe,Pichincha,90000,45000000,53.6,4191.0,52.4,8.1,73.9,0.785,413.4,217.7,010170,117,5454878.33,46622.89,10.3,31.6,729.78,16,1.3,10,7,70.0,62.0,1,1,100.0,0,0,0,1,False,27.8,22.2,False,False,2025
010230,Mejía,Pichincha,85000,40000000,52.6,3872.0,32.2,6.8,73.7,0.769,353.0,240.8,010230,99,6667985.69,67353.39,17.2,25.3,672.38,16,1.1647,14,8,57.1,102.4,3,3,100.0,28,12,42.9,1,True,45.2,36.1,False,True,2025
010450,Rumiñahui,Pichincha,100000,55000000,84.4,3886.0,31.1,6.1,89.5,0.625,135.6,737.5,010450,64,4043604.52,63181.32,12.5,31.2,722.66,16,0.64,13,9,69.2,63.2,4,4,100.0,24,16,66.7,1,True,30.1,24.1,False,False,2025
090050,Daule,Guayas,130000,50000000,62.9,6797.0,26.1,5.2,91.9,0.683,437.6,297.1,090050,59,3525526.26,59754.68,13.6,25.4,721.06,16,0.4538,12,6,50.0,110.2,2,2,100.0,9,3,33.3,0,True,33.4,26.7,False,False,2025
090110,Milagro,Guayas,170000,65000000,67.0,3455.0,55.0,10.5,93.8,0.828,431.9,393.6,090110,107,10515076.67,98271.74,26.2,20.6,760.77,16,0.6294,10,8,80.0,126.2,2,1,50.0,15,4,26.7,0,True,42.2,33.8,False,True,2025
090150,Samborondón,Guayas,70000,60000000,51.7,7371.0,23.5,6.6,57.3,0.664,493.4,141.9,090150,46,2725721.57,59254.82,15.2,37.0,812.85,16,0.6571,11,7,63.6,83.6,4,3,75.0,33,5,15.2,0,True,35.0,28.0,False,False,2025
030170,Girón,Azuay,15000,10000000,55.6,10057.0,33.2,6.8,93.3,0.849,300.1,50.0,030170,68,4624240.54,68003.54,17.6,27.9,748.27,16,4.5333,7,6,85.7,45.2,1,1,100.0,6,5,83.3,0,False,21.9,17.6,False,False,2025
030100,Gualaceo,Azuay,45000,20000000,73.7,4393.0,26.9,11.7,78.2,0.713,386.6,116.4,030100,50,2680100.6,53602.01,8.0,20.0,760.0,14,1.1111,9,7,77.8,61.0,2,2,100.0,5,0,0.0,2,True,43.8,35.0,False,True,2025
120350,La Concordia,Santo Domingo,45000,25000000,47.3,8258.0,35.1,10.7,61.3,0.838,86.1,523.0,120350,73,5142185.72,70440.9,20.5,20.5,748.73,16,1.6222,12,9,75.0,107.2,3,3,100.0,14,6,42.9,2,True,45.1,36.1,False,True,2025
130350,Atacames,Esmeraldas,40000,18000000,52.4,8355.0,42.0,5.1,59.8,0.817,160.8,248.8,130350,146,10014263.26,68590.84,13.0,23.3,674.61,16,3.65,10,9,90.0,110.7,4,1,25.0,33,13,39.4,0,True,45.8,36.6,False,True,2025
060170,Chone,Manabí,90000,40000000,68.8,8574.0,31.8,8.3,75.9,0.83,141.9,634.2,060170,58,4854292.08,83694.69,22.4,19.0,731.27,16,0.6444,13,9,69.2,94.8,1,0,0.0,15,2,13.3,0,False,23.4,18.7,False,False,2025
060470,Jipijapa,Manabí,65000,25000000,73.6,5148.0,30.8,9.0,67.0,0.645,388.3,167.4,060470,99,7619653.64,76966.2,16.2,30.3,723.4,16,1.5231,13,10,76.9,116.4,2,1,50.0,24,10,41.7,1,True,42.1,33.7,False,True,2025
060680,Sucre,Manabí,20000,12000000,47.9,7125.0,54.9,12.0,57.9,0.614,169.3,118.1,060680,118,8803028.68,74601.94,14.4,22.9,673.66,16,5.9,13,11,84.6,75.3,1,0,0.0,3,0,0.0,1,True,36.2,29.0,False,False,2025
170230,Pelileo,Tungurahua,30000,15000000,82.3,10928.0,50.2,6.3,61.3,0.8,366.6,81.8,170230,50,3041590.18,60831.8,18.0,30.0,872.0,15,1.6667,14,7,50.0,78.1,4,3,75.0,30,10,33.3,1,True,37.3,29.8,False,False,2025
170450,Baños,Tungurahua,20000,13000000,69.5,11885.0,41.2,3.1,87.7,0.64,348.5,57.4,170450,57,3762850.18,66014.92,14.0,26.3,809.48,15,2.85,7,4,57.1,131.0,2,2,100.0,22,9,40.9,2,True,35.4,28.3,False,False,2025
110250,Alausí,Chimborazo,25000,12000000,82.6,4209.0,19.6,4.0,77.1,0.632,322.2,77.6,110250,74,3984390.96,53843.12,10.8,16.2,796.2,15,2.96,12,10,83.3,107.2,3,2,66.7,12,6,50.0,0,False,25.5,20.4,False,False,2025
110170,Guano,Chimborazo,45000,18000000,73.7,4832.0,40.4,5.4,74.5,0.822,430.7,104.5,110170,135,6820216.03,50520.12,11.1,31.9,687.52,16,3.0,8,5,62.5,40.8,4,2,50.0,33,18,54.5,0,True,38.6,30.9,False,False,2025
040170,Catamayo,Loja,25000,12000000,48.7,6812.0,26.1,3.0,85.8,0.741,167.9,148.9,040170,57,3436286.94,60285.74,12.3,26.3,717.14,16,2.28,10,6,60.0,92.8,3,1,33.3,24,17,70.8,1,False,29.4,23.5,False,False,2025
040350,Saraguro,Loja,10000,6000000,74.6,7965.0,32.1,3.1,58.0,0.815,456.8,21.9,040350,126,9382332.26,74462.95,14.3,27.0,651.3,16,12.6,12,9,75.0,42.6,2,2,100.0,18,7,38.9,1,True,40.9,32.8,False,True,2025
020170,Espejo,Carchi,15000,8000000,66.8,10511.0,38.3,4.3,60.1,0.642,454.5,33.0,020170,139,10320678.04,74249.48,18.0,16.5,678.54,16,9.2667,10,6,60.0,84.3,1,1,100.0,3,0,0.0,0,True,36.8,29.4,False,False,2025
020230,Bolívar,Carchi,18000,9000000,76.8,10746.0,51.0,4.9,65.0,0.581,401.1,44.9,020230,97,6506239.65,67074.64,16.5,23.7,728.03,16,5.3889,8,5,62.5,108.8,4,3,75.0,20,2,10.0,2,False,22.4,18.0,False,False,2025
180230,Pujilí,Cotopaxi,35000,15000000,80.4,6657.0,39.8,4.4,92.2,0.809,489.3,71.5,180230,113,6432615.19,56925.8,12.4,22.1,715.01,16,3.2286,10,7,70.0,76.0,1,1,100.0,13,3,23.1,0,True,39.1,31.3,False,False,2025
180350,Salcedo,Cotopaxi,20000,10000000,77.4,10933.0,16.0,9.6,68.3,0.829,411.0,48.7,180350,98,4821284.43,49196.78,10.2,23.5,737.19,16,4.9,9,8,88.9,112.0,4,4,100.0,32,6,18.8,2,False,28.2,22.5,False,False,2025
100170,Otavalo,Imbabura,90000,40000000,79.6,10297.0,25.7,10.1,59.3,0.812,436.4,206.2,100170,122,7894972.89,64712.89,13.1,18.0,708.14,16,1.3556,14,12,85.7,81.5,3,2,66.7,18,0,0.0,1,True,30.9,24.8,False,False,2025
100350,Cotacachi,Imbabura,40000,18000000,53.9,10349.0,33.4,5.7,86.8,0.618,60.6,659.5,100350,124,8438078.52,68049.02,17.7,21.0,733.61,16,3.1,9,7,77.8,55.9,1,1,100.0,8,6,75.0,0,False,17.7,14.2,False,False,2025
160170,Buena Fe,Los Ríos,35000,15000000,52.7,5954.0,49.6,11.7,66.2,0.742,229.9,152.3,160170,30,2110257.09,70341.9,20.0,10.0,1177.78,11,0.8571,7,6,85.7,61.5,1,1,100.0,1,1,100.0,0,True,45.3,36.3,False,True,2025
